name,datetime,temp,humidity,conditions
Ballari,2023-01-01,25.3,46.6,Cloudy
Ballari,2023-01-02,24.8,53.9,Clear
Ballari,2023-01-03,24.1,55.6,Clear
Ballari,2023-01-04,23.7,56.7,Clear
Ballari,2023-01-05,23.5,61.8,Rainy
Ballari,2023-01-06,23.3,64.6,Clear
Ballari,2023-01-07,23.0,61.2,Clear
Ballari,2023-01-08,22.9,40.2,Clear
Ballari,2023-01-09,21.2,31.5,Clear
Ballari,2023-01-10,22.1,45.5,Clear
Ballari,2023-01-11,22.9,45.4,Clear
Ballari,2023-01-12,23.5,33.8,Cloudy
Ballari,2023-01-13,23.8,37.3,Cloudy
Ballari,2023-01-14,23.8,42.2,Cloudy
Ballari,2023-01-15,24.0,37.4,Cloudy
Ballari,2023-01-16,23.5,37.0,Clear
Ballari,2023-01-17,22.8,43.8,Clear
Ballari,2023-01-18,23.1,45.3,Cloudy
Ballari,2023-01-19,22.8,47.6,Cloudy
Ballari,2023-01-20,22.5,52.9,Cloudy
Ballari,2023-01-21,23.5,53.0,Cloudy
Ballari,2023-01-22,23.7,50.8,Cloudy
Ballari,2023-01-23,23.8,57.8,Cloudy
Ballari,2023-01-24,24.2,57.5,Clear
Ballari,2023-01-25,23.9,51.2,Clear
Ballari,2023-01-26,23.5,48.9,Cloudy
Ballari,2023-01-27,23.6,48.3,Clear
Ballari,2023-01-28,23.5,40.8,Clear
Ballari,2023-01-29,23.8,45.6,Cloudy
Ballari,2023-01-30,24.2,63.9,Cloudy
Ballari,2023-01-31,25.4,54.1,Cloudy
Ballari,2023-02-01,25.7,47.1,Cloudy
Ballari,2023-02-02,25.6,43.6,Cloudy
Ballari,2023-02-03,24.9,46.3,Clear
Ballari,2023-02-04,25.8,46.6,Clear
Ballari,2023-02-05,26.6,43.0,Clear
Ballari,2023-02-06,26.5,43.4,Cloudy
Ballari,2023-02-07,26.7,40.4,Cloudy
Ballari,2023-02-08,27.2,40.1,Cloudy
Ballari,2023-02-09,27.0,41.4,Cloudy
Ballari,2023-02-10,26.8,38.1,Cloudy
Ballari,2023-02-11,27.0,30.9,Cloudy
Ballari,2023-02-12,27.5,27.9,Cloudy
Ballari,2023-02-13,26.2,24.0,Cloudy
Ballari,2023-02-14,25.1,17.0,Clear
Ballari,2023-02-15,25.4,16.3,Clear
Ballari,2023-02-16,26.1,18.8,Clear
Ballari,2023-02-17,26.3,31.7,Clear
Ballari,2023-02-18,26.4,32.1,Clear
Ballari,2023-02-19,26.3,37.1,Clear
Ballari,2023-02-20,26.5,38.0,Clear
Ballari,2023-02-21,27.3,30.9,Clear
Ballari,2023-02-22,27.4,29.5,Clear
Ballari,2023-02-23,27.0,29.7,Clear
Ballari,2023-02-24,27.0,25.6,Clear
Ballari,2023-02-25,27.5,26.2,Clear
Ballari,2023-02-26,27.5,27.5,Clear
Ballari,2023-02-27,26.8,30.4,Clear
Ballari,2023-02-28,26.5,27.0,Clear
Ballari,2023-03-01,26.2,38.5,Clear
Ballari,2023-03-02,26.6,32.8,Clear
Ballari,2023-03-03,27.1,29.3,Clear
Ballari,2023-03-04,27.7,27.0,Clear
Ballari,2023-03-05,28.1,29.0,Clear
Ballari,2023-03-06,28.0,24.7,Clear
Ballari,2023-03-07,27.6,23.3,Cloudy
Ballari,2023-03-08,27.6,30.9,Clear
Ballari,2023-03-09,27.2,32.0,Cloudy
Ballari,2023-03-10,27.4,31.6,Clear
Ballari,2023-03-11,27.6,34.6,Clear
Ballari,2023-03-12,27.7,31.8,Clear
Ballari,2023-03-13,27.8,30.6,Cloudy
Ballari,2023-03-14,28.9,26.5,Cloudy
Ballari,2023-03-15,30.1,30.8,Cloudy
Ballari,2023-03-16,29.2,41.7,Rainy
Ballari,2023-03-17,27.3,53.5,Rainy
Ballari,2023-03-18,28.3,50.6,Rainy
Ballari,2023-03-19,28.6,38.0,Cloudy
Ballari,2023-03-20,27.1,31.6,Cloudy
Ballari,2023-03-21,27.2,33.2,Cloudy
Ballari,2023-03-22,28.9,33.6,Cloudy
Ballari,2023-03-23,29.4,27.9,Cloudy
Ballari,2023-03-24,30.3,25.7,Clear
Ballari,2023-03-25,31.2,35.2,Rainy
Ballari,2023-03-26,31.4,32.7,Cloudy
Ballari,2023-03-27,31.1,22.0,Cloudy
Ballari,2023-03-28,31.1,19.6,Cloudy
Ballari,2023-03-29,31.8,25.9,Cloudy
Ballari,2023-03-30,32.2,27.1,Rainy
Ballari,2023-03-31,31.1,27.5,Cloudy
Ballari,2023-04-01,30.8,28.3,Cloudy
Ballari,2023-04-02,31.1,26.4,Cloudy
Ballari,2023-04-03,30.7,27.0,Cloudy
Ballari,2023-04-04,31.5,22.7,Clear
Ballari,2023-04-05,32.3,28.8,Clear
Ballari,2023-04-06,32.2,37.0,Rainy
Ballari,2023-04-07,32.4,35.8,Rainy
Ballari,2023-04-08,31.1,35.9,Clear
Ballari,2023-04-09,31.1,30.8,Clear
Ballari,2023-04-10,31.5,28.1,Clear
Ballari,2023-04-11,31.9,20.6,Cloudy
Ballari,2023-04-12,32.6,17.8,Clear
Ballari,2023-04-13,33.6,19.9,Cloudy
Ballari,2023-04-14,33.7,22.0,Cloudy
Ballari,2023-04-15,32.7,28.3,Cloudy
Ballari,2023-04-16,33.3,23.3,Clear
Ballari,2023-04-17,33.7,22.7,Clear
Ballari,2023-04-18,33.6,15.5,Clear
Ballari,2023-04-19,33.9,17.5,Clear
Ballari,2023-04-20,33.4,23.5,Clear
Ballari,2023-04-21,33.7,31.8,Clear
Ballari,2023-04-22,33.1,32.0,Clear
Ballari,2023-04-23,32.7,23.8,Clear
Ballari,2023-04-24,32.8,29.1,Cloudy
Ballari,2023-04-25,31.5,40.2,Rainy
Ballari,2023-04-26,30.2,47.7,Rainy
Ballari,2023-04-27,31.4,45.8,Rainy
Ballari,2023-04-28,31.6,44.9,Cloudy
Ballari,2023-04-29,28.6,58.5,Rainy
Ballari,2023-04-30,28.0,60.2,Rainy
Ballari,2023-05-01,29.5,52.5,Rainy
Ballari,2023-05-02,28.2,61.7,Rainy
Ballari,2023-05-03,27.8,61.1,Varied
Ballari,2023-05-04,29.8,53.0,Rainy
Ballari,2023-05-05,27.5,64.4,Varied
Ballari,2023-05-06,30.2,51.4,Cloudy
Ballari,2023-05-07,27.2,65.6,Rainy
Ballari,2023-05-08,29.4,54.9,Rainy
Ballari,2023-05-09,29.8,56.8,Rainy
Ballari,2023-05-10,31.5,51.0,Rainy
Ballari,2023-05-11,31.5,52.5,Rainy
Ballari,2023-05-12,33.4,40.7,Cloudy
Ballari,2023-05-13,33.0,42.3,Cloudy
Ballari,2023-05-14,32.3,42.6,Cloudy
Ballari,2023-05-15,32.9,37.9,Clear
Ballari,2023-05-16,33.3,34.6,Cloudy
Ballari,2023-05-17,34.2,27.8,Clear
Ballari,2023-05-18,35.0,23.1,Clear
Ballari,2023-05-19,35.8,22.5,Cloudy
Ballari,2023-05-20,34.3,34.0,Rainy
Ballari,2023-05-21,34.1,37.4,Rainy
Ballari,2023-05-22,33.0,36.9,Rainy
Ballari,2023-05-23,34.5,34.2,Cloudy
Ballari,2023-05-24,33.1,42.9,Rainy
Ballari,2023-05-25,32.4,40.8,Rainy
Ballari,2023-05-26,32.4,38.5,Rainy
Ballari,2023-05-27,32.5,42.0,Cloudy
Ballari,2023-05-28,33.8,32.6,Cloudy
Ballari,2023-05-29,33.9,36.1,Rainy
Ballari,2023-05-30,31.8,43.1,Rainy
Ballari,2023-05-31,32.8,40.2,Varied
Ballari,2023-06-01,32.0,44.9,Rainy
Ballari,2023-06-02,33.2,37.1,Cloudy
Ballari,2023-06-03,34.0,37.4,Cloudy
Ballari,2023-06-04,32.0,45.8,Rainy
Ballari,2023-06-05,33.4,40.9,Cloudy
Ballari,2023-06-06,33.1,43.6,Cloudy
Ballari,2023-06-07,32.5,48.0,Rainy
Ballari,2023-06-08,31.8,46.6,Rainy
Ballari,2023-06-09,31.5,50.9,Rainy
Ballari,2023-06-10,31.3,50.5,Rainy
Ballari,2023-06-11,31.6,47.8,Rainy
Ballari,2023-06-12,32.1,44.6,Cloudy
Ballari,2023-06-13,31.9,45.8,Cloudy
Ballari,2023-06-14,31.6,47.2,Cloudy
Ballari,2023-06-15,31.9,46.6,Cloudy
Ballari,2023-06-16,32.3,44.2,Clear
Ballari,2023-06-17,31.9,46.3,Rainy
Ballari,2023-06-18,31.2,50.1,Rainy
Ballari,2023-06-19,31.3,51.6,Rainy
Ballari,2023-06-20,32.1,46.8,Rainy
Ballari,2023-06-21,31.7,46.8,Varied
Ballari,2023-06-22,30.9,50.6,Rainy
Ballari,2023-06-23,29.2,56.5,Varied
Ballari,2023-06-24,27.8,64.1,Varied
Ballari,2023-06-25,28.9,58.3,Varied
Ballari,2023-06-26,28.9,56.2,Cloudy
Ballari,2023-06-27,29.8,52.6,Cloudy
Ballari,2023-06-28,28.5,59.6,Cloudy
Ballari,2023-06-29,28.7,60.4,Varied
Ballari,2023-06-30,29.0,57.5,Cloudy
Ballari,2023-07-01,29.1,59.1,Varied
Ballari,2023-07-02,28.8,60.7,Varied
Ballari,2023-07-03,28.9,62.0,Varied
Ballari,2023-07-04,28.6,62.1,Varied
Ballari,2023-07-05,25.7,72.5,Varied
Ballari,2023-07-06,25.9,69.7,Varied
Ballari,2023-07-07,26.4,68.0,Varied
Ballari,2023-07-08,27.6,63.8,Cloudy
Ballari,2023-07-09,28.2,62.5,Rainy
Ballari,2023-07-10,29.0,58.6,Varied
Ballari,2023-07-11,28.8,58.3,Varied
Ballari,2023-07-12,29.1,56.7,Varied
Ballari,2023-07-13,29.1,57.7,Rainy
Ballari,2023-07-14,27.8,63.0,Rainy
Ballari,2023-07-15,28.1,59.5,Varied
Ballari,2023-07-16,28.1,61.6,Cloudy
Ballari,2023-07-17,26.8,67.4,Cloudy
Ballari,2023-07-18,25.4,73.4,Varied
Ballari,2023-07-19,24.4,79.6,Varied
Ballari,2023-07-20,25.4,73.9,Varied
Ballari,2023-07-21,25.5,74.2,Varied
Ballari,2023-07-22,25.4,77.2,Varied
Ballari,2023-07-23,24.7,82.4,Varied
Ballari,2023-07-24,24.7,81.6,Varied
Ballari,2023-07-25,23.5,86.4,Varied
Ballari,2023-07-26,23.6,86.4,Varied
Ballari,2023-07-27,23.9,84.6,Varied
Ballari,2023-07-28,25.9,73.3,Varied
Ballari,2023-07-29,26.8,68.2,Rainy
Ballari,2023-07-30,27.2,66.4,Rainy
Ballari,2023-07-31,27.1,66.1,Cloudy
Ballari,2023-08-01,27.1,65.5,Varied
Ballari,2023-08-02,26.9,65.1,Varied
Ballari,2023-08-03,26.9,64.8,Cloudy
Ballari,2023-08-04,27.2,64.4,Rainy
Ballari,2023-08-05,27.5,63.6,Rainy
Ballari,2023-08-06,27.9,62.7,Rainy
Ballari,2023-08-07,27.6,62.8,Cloudy
Ballari,2023-08-08,27.6,62.6,Cloudy
Ballari,2023-08-09,28.6,59.0,Varied
Ballari,2023-08-10,29.5,53.6,Rainy
Ballari,2023-08-11,29.3,55.6,Rainy
Ballari,2023-08-12,28.9,56.9,Varied
Ballari,2023-08-13,28.7,56.6,Varied
Ballari,2023-08-14,28.4,55.5,Varied
Ballari,2023-08-15,28.3,57.3,Cloudy
Ballari,2023-08-16,28.9,55.6,Rainy
Ballari,2023-08-17,28.2,58.7,Varied
Ballari,2023-08-18,27.9,58.9,Varied
Ballari,2023-08-19,27.0,64.2,Varied
Ballari,2023-08-20,28.6,58.9,Rainy
Ballari,2023-08-21,29.4,55.0,Cloudy
Ballari,2023-08-22,30.0,52.6,Cloudy
Ballari,2023-08-23,29.5,54.0,Cloudy
Ballari,2023-08-24,28.8,56.2,Cloudy
Ballari,2023-08-25,29.1,57.2,Varied
Ballari,2023-08-26,28.8,59.6,Varied
Ballari,2023-08-27,30.2,49.9,Cloudy
Ballari,2023-08-28,29.7,52.8,Rainy
Ballari,2023-08-29,28.5,56.3,Rainy
Ballari,2023-08-30,28.9,55.7,Rainy
Ballari,2023-08-31,30.3,49.3,Rainy
Ballari,2023-09-01,31.2,48.8,Rainy
Ballari,2023-09-02,30.1,55.8,Varied
Ballari,2023-09-03,25.9,73.4,Varied
Ballari,2023-09-04,23.5,87.9,Varied
Ballari,2023-09-05,23.4,83.5,Varied
Ballari,2023-09-06,26.9,67.8,Cloudy
Ballari,2023-09-07,27.2,63.9,Cloudy
Ballari,2023-09-08,26.7,66.4,Cloudy
Ballari,2023-09-09,27.5,63.9,Rainy
Ballari,2023-09-10,28.0,62.1,Cloudy
Ballari,2023-09-11,27.5,63.8,Varied
Ballari,2023-09-12,28.4,59.0,Varied
Ballari,2023-09-13,28.6,56.2,Cloudy
Ballari,2023-09-14,27.9,59.7,Cloudy
Ballari,2023-09-15,27.9,62.5,Cloudy
Ballari,2023-09-16,27.7,63.2,Rainy
Ballari,2023-09-17,28.2,61.1,Cloudy
Ballari,2023-09-18,28.1,60.4,Cloudy
Ballari,2023-09-19,28.5,59.0,Rainy
Ballari,2023-09-20,28.1,61.6,Rainy
Ballari,2023-09-21,28.2,62.7,Varied
Ballari,2023-09-22,28.6,58.9,Varied
Ballari,2023-09-23,28.7,61.8,Varied
Ballari,2023-09-24,27.5,67.6,Varied
Ballari,2023-09-25,27.6,64.9,Varied
Ballari,2023-09-26,27.3,66.4,Varied
Ballari,2023-09-27,27.6,65.5,Rainy
Ballari,2023-09-28,27.6,66.0,Rainy
Ballari,2023-09-29,27.3,66.7,Rainy
Ballari,2023-09-30,27.5,63.6,Rainy
Ballari,2023-10-01,26.8,67.4,Rainy
Ballari,2023-10-02,25.9,66.0,Rainy
Ballari,2023-10-03,27.7,61.9,Cloudy
Ballari,2023-10-04,27.6,61.0,Rainy
Ballari,2023-10-05,29.2,50.7,Cloudy
Ballari,2023-10-06,30.0,46.8,Cloudy
Ballari,2023-10-07,29.4,41.0,Cloudy
Ballari,2023-10-08,29.4,42.9,Cloudy
Ballari,2023-10-09,29.6,40.6,Cloudy
Ballari,2023-10-10,30.5,46.5,Cloudy
Ballari,2023-10-11,30.0,48.0,Rainy
Ballari,2023-10-12,29.7,49.6,Rainy
Ballari,2023-10-13,29.4,43.6,Cloudy
Ballari,2023-10-14,29.1,44.9,Cloudy
Ballari,2023-10-15,29.1,44.2,Cloudy
Ballari,2023-10-16,28.9,48.0,Cloudy
Ballari,2023-10-17,28.6,50.2,Cloudy
Ballari,2023-10-18,28.3,45.7,Cloudy
Ballari,2023-10-19,28.2,47.1,Cloudy
Ballari,2023-10-20,28.3,49.3,Clear
Ballari,2023-10-21,28.1,51.2,Cloudy
Ballari,2023-10-22,27.6,51.6,Cloudy
Ballari,2023-10-23,26.5,40.7,Cloudy
Ballari,2023-10-24,26.2,40.5,Cloudy
Ballari,2023-10-25,25.9,41.0,Cloudy
Ballari,2023-10-26,25.7,40.9,Clear
Ballari,2023-10-27,25.6,41.0,Clear
Ballari,2023-10-28,26.2,53.7,Cloudy
Ballari,2023-10-29,27.5,61.4,Rainy
Ballari,2023-10-30,26.9,64.5,Rainy
Ballari,2023-10-31,26.2,68.6,Rainy
Ballari,2023-11-01,26.7,66.2,Varied
Ballari,2023-11-02,27.4,61.1,Rainy
Ballari,2023-11-03,27.5,64.8,Rainy
Ballari,2023-11-04,26.6,69.7,Varied
Ballari,2023-11-05,26.6,68.3,Varied
Ballari,2023-11-06,25.1,79.3,Rainy
Ballari,2023-11-07,25.5,77.7,Rainy
Ballari,2023-11-08,26.0,72.3,Rainy
Ballari,2023-11-09,25.7,75.3,Rainy
Ballari,2023-11-10,25.6,72.2,Rainy
Ballari,2023-11-11,25.6,60.4,Cloudy
Ballari,2023-11-12,25.1,63.1,Cloudy
Ballari,2023-11-13,24.9,64.5,Cloudy
Ballari,2023-11-14,24.6,68.8,Cloudy
Ballari,2023-11-15,25.4,67.0,Rainy
Ballari,2023-11-16,25.9,57.6,Cloudy
Ballari,2023-11-17,26.7,52.0,Cloudy
Ballari,2023-11-18,26.6,61.6,Cloudy
Ballari,2023-11-19,25.8,63.0,Cloudy
Ballari,2023-11-20,25.9,59.5,Cloudy
Ballari,2023-11-21,26.2,64.0,Rainy
Ballari,2023-11-22,26.4,69.6,Rainy
Ballari,2023-11-23,25.6,73.9,Varied
Ballari,2023-11-24,26.4,69.7,Rainy
Ballari,2023-11-25,25.3,74.1,Rainy
Ballari,2023-11-26,25.3,68.5,Cloudy
Ballari,2023-11-27,24.4,74.9,Rainy
Ballari,2023-11-28,25.1,75.8,Rainy
Ballari,2023-11-29,25.4,70.7,Rainy
Ballari,2023-11-30,25.4,71.1,Rainy
Ballari,2023-12-01,25.3,67.4,Rainy
Ballari,2023-12-02,25.5,62.5,Cloudy
Ballari,2023-12-03,26.2,63.1,Varied
Ballari,2023-12-04,24.6,70.0,Varied
Ballari,2023-12-05,25.3,65.0,Varied
Ballari,2023-12-06,25.4,67.8,Varied
Ballari,2023-12-07,25.8,62.6,Cloudy
Ballari,2023-12-08,26.2,65.1,Varied
Ballari,2023-12-09,26.5,61.7,Cloudy
Ballari,2023-12-10,25.7,59.4,Cloudy
Ballari,2023-12-11,25.2,53.6,Cloudy
Ballari,2023-12-12,24.2,55.0,Cloudy
Ballari,2023-12-13,23.5,55.9,Clear
Ballari,2023-12-14,22.7,57.3,Clear
Ballari,2023-12-15,23.0,67.4,Cloudy
Ballari,2023-12-16,23.6,74.6,Rainy
Ballari,2023-12-17,24.4,71.1,Rainy
Ballari,2023-12-18,24.5,67.0,Rainy
Ballari,2023-12-19,23.6,64.5,Cloudy
Ballari,2023-12-20,22.9,66.7,Cloudy
Ballari,2023-12-21,23.5,63.6,Cloudy
Ballari,2023-12-22,23.7,56.4,Cloudy
Ballari,2023-12-23,23.0,54.7,Cloudy
Ballari,2023-12-24,23.2,57.2,Cloudy
Ballari,2023-12-25,23.6,60.8,Clear
Ballari,2023-12-26,23.4,56.0,Clear
Ballari,2023-12-27,23.3,57.0,Clear
Ballari,2023-12-28,22.9,59.6,Cloudy
Ballari,2023-12-29,22.6,61.7,Cloudy
Ballari,2023-12-30,23.2,60.3,Cloudy
Ballari,2023-12-31,23.0,53.6,Cloudy
Ballari,2024-01-01,22.9,60.0,Cloudy
Ballari,2024-01-02,23.2,56.4,Cloudy
Ballari,2024-01-03,23.3,59.7,Cloudy
Ballari,2024-01-04,24.4,58.6,Cloudy
Ballari,2024-01-05,24.5,61.4,Cloudy
Ballari,2024-01-06,25.1,52.1,Cloudy
Ballari,2024-01-07,24.1,60.5,Cloudy
Ballari,2024-01-08,22.9,73.2,Rainy
Ballari,2024-01-09,23.8,67.3,Cloudy
Ballari,2024-01-10,24.3,59.5,Cloudy
Ballari,2024-01-11,24.8,51.2,Cloudy
Ballari,2024-01-12,25.0,48.0,Cloudy
Ballari,2024-01-13,25.9,54.2,Cloudy
Ballari,2024-01-14,26.7,46.7,Clear
Ballari,2024-01-15,26.3,45.3,Cloudy
Ballari,2024-01-16,26.5,44.0,Cloudy
Ballari,2024-01-17,26.7,43.3,Cloudy
Ballari,2024-01-18,26.4,44.2,Cloudy
Ballari,2024-01-19,27.6,38.9,Cloudy
Ballari,2024-01-20,28.3,36.9,Cloudy
Ballari,2024-01-21,27.5,39.5,Cloudy
Ballari,2024-01-22,27.5,41.4,Cloudy
Ballari,2024-01-23,27.1,45.3,Cloudy
Ballari,2024-01-24,26.4,47.4,Cloudy
Ballari,2024-01-25,26.1,43.9,Cloudy
Ballari,2024-01-26,25.8,41.6,Cloudy
Ballari,2024-01-27,26.1,34.1,Cloudy
bangalore,2024-01-13,23.0,72.6,Cloudy
bangalore,2024-01-14,23.5,56.7,Cloudy
bangalore,2024-01-15,23.3,52.3,Clear
bangalore,2024-01-16,23.4,51.5,Cloudy
bangalore,2024-01-17,23.6,51.4,Cloudy
bangalore,2024-01-18,23.8,54.0,Cloudy
bangalore,2024-01-19,24.4,46.1,Clear
bangalore,2024-01-20,25.0,45.4,Cloudy
bangalore,2024-01-21,24.7,48.5,Cloudy
bangalore,2024-01-22,24.3,49.6,Cloudy
bangalore,2024-01-23,23.6,55.6,Cloudy
bangalore,2024-01-24,23.3,53.6,Cloudy
bangalore,2024-01-25,22.9,45.2,Cloudy
bangalore,2024-01-26,22.8,43.3,Cloudy
bangalore,2024-01-27,23.2,35.2,Cloudy
Delhi,2023-01-01,13.4,79.8,Cloudy
Delhi,2023-01-02,12.4,87.9,Clear
Delhi,2023-01-03,11.2,85.6,Cloudy
Delhi,2023-01-04,9.6,90.1,Clear
Delhi,2023-01-05,9.7,83.0,Cloudy
Delhi,2023-01-06,9.1,87.7,Cloudy
Delhi,2023-01-07,8.3,89.2,Cloudy
Delhi,2023-01-08,9.6,85.3,Cloudy
Delhi,2023-01-09,11.0,91.8,Cloudy
Delhi,2023-01-10,11.1,88.6,Cloudy
Delhi,2023-01-11,11.9,87.6,Cloudy
Delhi,2023-01-12,14.4,87.0,Rainy
Delhi,2023-01-13,15.1,90.5,Cloudy
Delhi,2023-01-14,13.0,82.0,Cloudy
Delhi,2023-01-15,10.5,59.6,Clear
Delhi,2023-01-16,10.6,61.2,Clear
Delhi,2023-01-17,11.3,55.1,Clear
Delhi,2023-01-18,11.0,60.1,Clear
Delhi,2023-01-19,14.3,54.4,Cloudy
Delhi,2023-01-20,16.2,62.1,Cloudy
Delhi,2023-01-21,15.1,80.0,Clear
Delhi,2023-01-22,15.6,72.4,Cloudy
Delhi,2023-01-23,16.6,68.2,Cloudy
Delhi,2023-01-24,17.1,81.5,Cloudy
Delhi,2023-01-25,15.5,91.8,Cloudy
Delhi,2023-01-26,14.2,94.1,Cloudy
Delhi,2023-01-27,12.9,65.8,Clear
Delhi,2023-01-28,13.5,68.6,Clear
Delhi,2023-01-29,13.0,91.8,Rainy
Delhi,2023-01-30,14.5,93.5,Rainy
Delhi,2023-01-31,14.7,92.9,Cloudy
Delhi,2023-02-01,14.2,82.0,Cloudy
Delhi,2023-02-02,15.8,68.0,Clear
Delhi,2023-02-03,16.2,68.8,Clear
Delhi,2023-02-04,17.2,65.8,Clear
Delhi,2023-02-05,17.5,67.1,Clear
Delhi,2023-02-06,19.7,65.2,Clear
Delhi,2023-02-07,18.4,70.0,Clear
Delhi,2023-02-08,16.9,60.1,Clear
Delhi,2023-02-09,19.3,60.8,Clear
Delhi,2023-02-10,21.2,61.0,Clear
Delhi,2023-02-11,20.1,74.9,Clear
Delhi,2023-02-12,17.3,49.7,Clear
Delhi,2023-02-13,15.5,41.8,Clear
Delhi,2023-02-14,17.2,43.2,Clear
Delhi,2023-02-15,18.6,52.7,Clear
Delhi,2023-02-16,19.8,67.8,Clear
Delhi,2023-02-17,21.1,72.5,Cloudy
Delhi,2023-02-18,21.0,70.9,Cloudy
Delhi,2023-02-19,21.7,69.3,Cloudy
Delhi,2023-02-20,23.3,63.3,Cloudy
Delhi,2023-02-21,22.8,67.4,Clear
Delhi,2023-02-22,21.3,71.5,Cloudy
Delhi,2023-02-23,21.0,60.9,Clear
Delhi,2023-02-24,20.7,58.3,Cloudy
Delhi,2023-02-25,21.7,61.2,Clear
Delhi,2023-02-26,23.3,56.3,Clear
Delhi,2023-02-27,23.5,57.0,Clear
Delhi,2023-02-28,22.8,55.1,Cloudy
Delhi,2023-03-01,23.3,46.8,Rainy
Delhi,2023-03-02,23.5,56.6,Clear
Delhi,2023-03-03,23.6,59.3,Clear
Delhi,2023-03-04,22.3,57.3,Cloudy
Delhi,2023-03-05,23.5,55.0,Cloudy
Delhi,2023-03-06,23.1,57.2,Clear
Delhi,2023-03-07,23.5,50.3,Cloudy
Delhi,2023-03-08,23.4,51.6,Cloudy
Delhi,2023-03-09,23.9,51.0,Cloudy
Delhi,2023-03-10,23.7,60.7,Clear
Delhi,2023-03-11,24.5,53.1,Clear
Delhi,2023-03-12,25.3,46.2,Clear
Delhi,2023-03-13,25.7,50.6,Cloudy
Delhi,2023-03-14,25.8,54.9,Clear
Delhi,2023-03-15,26.2,49.9,Cloudy
Delhi,2023-03-16,26.3,44.6,Cloudy
Delhi,2023-03-17,24.2,49.3,Cloudy
Delhi,2023-03-18,20.7,80.7,Varied
Delhi,2023-03-19,20.8,84.0,Rainy
Delhi,2023-03-20,20.0,81.4,Rainy
Delhi,2023-03-21,19.9,81.5,Cloudy
Delhi,2023-03-22,21.2,74.5,Cloudy
Delhi,2023-03-23,23.4,61.3,Cloudy
Delhi,2023-03-24,22.2,71.5,Rainy
Delhi,2023-03-25,22.8,70.7,Cloudy
Delhi,2023-03-26,24.2,51.4,Clear
Delhi,2023-03-27,23.0,58.9,Clear
Delhi,2023-03-28,24.1,52.6,Cloudy
Delhi,2023-03-29,24.9,53.3,Rainy
Delhi,2023-03-30,23.5,63.6,Rainy
Delhi,2023-03-31,20.7,81.2,Rainy
Delhi,2023-04-01,21.0,79.7,Rainy
Delhi,2023-04-02,23.3,68.0,Cloudy
Delhi,2023-04-03,24.7,59.8,Clear
Delhi,2023-04-04,24.5,57.9,Rainy
Delhi,2023-04-05,25.0,47.2,Clear
Delhi,2023-04-06,25.8,37.6,Cloudy
Delhi,2023-04-07,26.1,34.6,Clear
Delhi,2023-04-08,26.4,30.3,Clear
Delhi,2023-04-09,27.3,31.5,Clear
Delhi,2023-04-10,27.1,31.0,Cloudy
Delhi,2023-04-11,28.5,31.0,Clear
Delhi,2023-04-12,29.6,32.1,Cloudy
Delhi,2023-04-13,30.3,29.3,Cloudy
Delhi,2023-04-14,30.9,26.3,Cloudy
Delhi,2023-04-15,32.3,24.7,Clear
Delhi,2023-04-16,32.9,26.4,Cloudy
Delhi,2023-04-17,32.3,30.0,Cloudy
Delhi,2023-04-18,32.9,31.6,Cloudy
Delhi,2023-04-19,31.4,35.1,Cloudy
Delhi,2023-04-20,29.2,40.0,Rainy
Delhi,2023-04-21,29.2,35.1,Cloudy
Delhi,2023-04-22,29.5,29.1,Cloudy
Delhi,2023-04-23,27.1,28.2,Cloudy
Delhi,2023-04-24,26.9,35.0,Cloudy
Delhi,2023-04-25,27.6,36.3,Cloudy
Delhi,2023-04-26,29.1,35.5,Cloudy
Delhi,2023-04-27,29.9,33.6,Cloudy
Delhi,2023-04-28,28.3,40.3,Cloudy
Delhi,2023-04-29,27.9,43.4,Cloudy
Delhi,2023-04-30,26.0,55.6,Varied
Delhi,2023-05-01,21.7,89.7,Rainy
Delhi,2023-05-02,23.4,82.1,Rainy
Delhi,2023-05-03,22.8,85.4,Rainy
Delhi,2023-05-04,24.6,71.2,Cloudy
Delhi,2023-05-05,27.9,56.9,Cloudy
Delhi,2023-05-06,28.6,49.4,Cloudy
Delhi,2023-05-07,29.4,46.3,Rainy
Delhi,2023-05-08,29.2,53.0,Cloudy
Delhi,2023-05-09,30.3,35.8,Clear
Delhi,2023-05-10,30.5,24.8,Clear
Delhi,2023-05-11,31.1,29.0,Clear
Delhi,2023-05-12,32.8,27.9,Clear
Delhi,2023-05-13,33.5,31.6,Clear
Delhi,2023-05-14,33.6,30.8,Cloudy
Delhi,2023-05-15,33.9,27.6,Cloudy
Delhi,2023-05-16,33.4,30.4,Cloudy
Delhi,2023-05-17,33.3,33.3,Cloudy
Delhi,2023-05-18,29.8,50.9,Rainy
Delhi,2023-05-19,32.1,39.2,Clear
Delhi,2023-05-20,33.5,32.9,Clear
Delhi,2023-05-21,35.7,27.5,Clear
Delhi,2023-05-22,37.4,24.6,Clear
Delhi,2023-05-23,36.9,25.0,Cloudy
Delhi,2023-05-24,30.0,46.3,Cloudy
Delhi,2023-05-25,28.9,52.1,Rainy
Delhi,2023-05-26,28.2,52.6,Cloudy
Delhi,2023-05-27,27.4,65.0,Rainy
Delhi,2023-05-28,30.1,59.1,Cloudy
Delhi,2023-05-29,27.2,68.5,Rainy
Delhi,2023-05-30,27.1,68.7,Rainy
Delhi,2023-05-31,25.2,81.3,Rainy
Delhi,2023-06-01,26.0,73.3,Rainy
Delhi,2023-06-02,28.5,53.9,Cloudy
Delhi,2023-06-03,30.4,49.0,Clear
Delhi,2023-06-04,29.4,60.3,Rainy
Delhi,2023-06-05,31.7,52.6,Cloudy
Delhi,2023-06-06,31.5,48.1,Rainy
Delhi,2023-06-07,32.4,39.3,Clear
Delhi,2023-06-08,33.8,35.1,Clear
Delhi,2023-06-09,33.8,40.9,Cloudy
Delhi,2023-06-10,34.4,39.5,Cloudy
Delhi,2023-06-11,32.8,48.5,Rainy
Delhi,2023-06-12,34.9,45.1,Cloudy
Delhi,2023-06-13,36.5,39.7,Clear
Delhi,2023-06-14,35.4,40.4,Cloudy
Delhi,2023-06-15,33.6,44.6,Cloudy
Delhi,2023-06-16,32.0,56.2,Rainy
Delhi,2023-06-17,32.5,62.0,Rainy
Delhi,2023-06-18,31.5,66.2,Rainy
Delhi,2023-06-19,28.6,81.0,Rainy
Delhi,2023-06-20,31.6,67.8,Rainy
Delhi,2023-06-21,31.0,71.7,Rainy
Delhi,2023-06-22,32.4,68.1,Rainy
Delhi,2023-06-23,32.8,69.8,Rainy
Delhi,2023-06-24,32.2,69.2,Cloudy
Delhi,2023-06-25,26.4,93.6,Rainy
Delhi,2023-06-26,28.8,86.1,Rainy
Delhi,2023-06-27,29.5,86.9,Rainy
Delhi,2023-06-28,29.6,85.0,Rainy
Delhi,2023-06-29,28.8,87.6,Rainy
Delhi,2023-06-30,28.2,90.7,Rainy
Delhi,2023-07-01,29.5,83.4,Cloudy
Delhi,2023-07-02,30.8,75.7,Cloudy
Delhi,2023-07-03,32.8,69.9,Cloudy
Delhi,2023-07-04,31.2,78.9,Rainy
Delhi,2023-07-05,29.9,86.0,Rainy
Delhi,2023-07-06,28.3,91.9,Rainy
Delhi,2023-07-07,29.7,84.6,Cloudy
Delhi,2023-07-08,27.2,97.1,Varied
Delhi,2023-07-09,26.9,98.1,Varied
Delhi,2023-07-10,27.4,96.7,Rainy
Delhi,2023-07-11,28.4,89.8,Rainy
Delhi,2023-07-12,29.3,88.1,Rainy
Delhi,2023-07-13,29.7,88.1,Rainy
Delhi,2023-07-14,29.5,88.9,Rainy
Delhi,2023-07-15,29.5,87.0,Rainy
Delhi,2023-07-16,29.0,89.1,Rainy
Delhi,2023-07-17,30.5,86.2,Cloudy
Delhi,2023-07-18,29.4,92.2,Varied
Delhi,2023-07-19,30.9,82.6,Cloudy
Delhi,2023-07-20,32.8,70.8,Cloudy
Delhi,2023-07-21,33.2,71.7,Cloudy
Delhi,2023-07-22,32.1,77.2,Cloudy
Delhi,2023-07-23,32.1,72.4,Rainy
Delhi,2023-07-24,32.5,70.6,Cloudy
Delhi,2023-07-25,31.3,80.9,Cloudy
Delhi,2023-07-26,27.7,92.1,Rainy
Delhi,2023-07-27,29.6,84.6,Rainy
Delhi,2023-07-28,28.7,87.6,Varied
Delhi,2023-07-29,27.9,92.3,Rainy
Delhi,2023-07-30,29.7,82.9,Cloudy
Delhi,2023-07-31,31.1,78.3,Cloudy
Delhi,2023-08-01,31.4,74.7,Cloudy
Delhi,2023-08-02,30.7,78.9,Rainy
Delhi,2023-08-03,30.6,81.3,Rainy
Delhi,2023-08-04,29.3,86.7,Rainy
Delhi,2023-08-05,29.5,88.3,Varied
Delhi,2023-08-06,31.4,73.4,Cloudy
Delhi,2023-08-07,30.3,70.7,Cloudy
Delhi,2023-08-08,31.0,67.9,Cloudy
Delhi,2023-08-09,31.4,66.1,Cloudy
Delhi,2023-08-10,30.8,71.0,Rainy
Delhi,2023-08-11,31.3,66.4,Cloudy
Delhi,2023-08-12,31.6,61.4,Cloudy
Delhi,2023-08-13,30.9,65.7,Cloudy
Delhi,2023-08-14,30.7,70.0,Cloudy
Delhi,2023-08-15,30.1,80.5,Rainy
Delhi,2023-08-16,31.9,72.2,Rainy
Delhi,2023-08-17,32.2,63.8,Cloudy
Delhi,2023-08-18,32.6,64.0,Cloudy
Delhi,2023-08-19,30.6,82.1,Rainy
Delhi,2023-08-20,31.9,75.2,Cloudy
Delhi,2023-08-21,32.6,74.0,Cloudy
Delhi,2023-08-22,31.1,80.9,Cloudy
Delhi,2023-08-23,27.6,92.4,Varied
Delhi,2023-08-24,29.1,75.8,Cloudy
Delhi,2023-08-25,30.4,68.1,Cloudy
Delhi,2023-08-26,30.8,63.6,Cloudy
Delhi,2023-08-27,30.9,58.5,Cloudy
Delhi,2023-08-28,30.7,62.5,Cloudy
Delhi,2023-08-29,31.5,61.5,Cloudy
Delhi,2023-08-30,31.6,62.8,Cloudy
Delhi,2023-08-31,31.9,61.7,Cloudy
Delhi,2023-09-01,32.4,60.6,Clear
Delhi,2023-09-02,33.3,46.1,Clear
Delhi,2023-09-03,31.9,54.4,Clear
Delhi,2023-09-04,31.6,58.2,Clear
Delhi,2023-09-05,32.0,61.0,Cloudy
Delhi,2023-09-06,31.6,59.1,Cloudy
Delhi,2023-09-07,30.8,65.3,Rainy
Delhi,2023-09-08,30.4,66.4,Cloudy
Delhi,2023-09-09,27.2,87.2,Rainy
Delhi,2023-09-10,25.6,96.6,Varied
Delhi,2023-09-11,27.7,85.8,Rainy
Delhi,2023-09-12,29.1,79.4,Cloudy
Delhi,2023-09-13,30.8,76.3,Cloudy
Delhi,2023-09-14,31.9,73.7,Cloudy
Delhi,2023-09-15,29.4,82.1,Rainy
Delhi,2023-09-16,28.1,91.0,Rainy
Delhi,2023-09-17,28.3,87.8,Rainy
Delhi,2023-09-18,28.8,77.3,Cloudy
Delhi,2023-09-19,30.6,71.2,Cloudy
Delhi,2023-09-20,31.8,62.2,Cloudy
Delhi,2023-09-21,31.0,71.0,Rainy
Delhi,2023-09-22,30.9,71.7,Cloudy
Delhi,2023-09-23,28.4,84.4,Rainy
Delhi,2023-09-24,28.4,77.9,Cloudy
Delhi,2023-09-25,29.4,72.3,Cloudy
Delhi,2023-09-26,30.1,68.9,Cloudy
Delhi,2023-09-27,29.6,65.1,Clear
Delhi,2023-09-28,28.7,62.1,Clear
Delhi,2023-09-29,28.9,62.3,Clear
Delhi,2023-09-30,29.5,61.9,Clear
Delhi,2023-10-01,28.9,59.8,Clear
Delhi,2023-10-02,27.7,52.7,Clear
Delhi,2023-10-03,27.2,48.9,Clear
Delhi,2023-10-04,27.7,54.2,Clear
Delhi,2023-10-05,27.6,53.7,Clear
Delhi,2023-10-06,28.0,52.3,Clear
Delhi,2023-10-07,29.0,58.0,Clear
Delhi,2023-10-08,30.2,60.1,Clear
Delhi,2023-10-09,30.4,58.8,Clear
Delhi,2023-10-10,29.8,52.7,Clear
Delhi,2023-10-11,27.9,55.8,Clear
Delhi,2023-10-12,27.0,53.5,Clear
Delhi,2023-10-13,28.1,55.4,Clear
Delhi,2023-10-14,28.8,55.1,Clear
Delhi,2023-10-15,27.6,58.1,Clear
Delhi,2023-10-16,25.4,59.5,Rainy
Delhi,2023-10-17,21.9,77.2,Rainy
Delhi,2023-10-18,24.3,60.3,Clear
Delhi,2023-10-19,23.7,58.8,Clear
Delhi,2023-10-20,24.0,59.2,Clear
Delhi,2023-10-21,23.8,59.7,Clear
Delhi,2023-10-22,24.2,59.8,Clear
Delhi,2023-10-23,24.6,58.3,Clear
Delhi,2023-10-24,24.5,56.3,Clear
Delhi,2023-10-25,24.1,57.9,Clear
Delhi,2023-10-26,24.2,54.5,Clear
Delhi,2023-10-27,23.7,52.1,Clear
Delhi,2023-10-28,24.1,52.2,Cloudy
Delhi,2023-10-29,24.6,52.2,Cloudy
Delhi,2023-10-30,25.1,58.3,Clear
Delhi,2023-10-31,24.9,67.1,Clear
Delhi,2023-11-01,24.2,64.4,Clear
Delhi,2023-11-02,23.5,71.8,Clear
Delhi,2023-11-03,22.8,72.2,Clear
Delhi,2023-11-04,22.7,75.8,Clear
Delhi,2023-11-05,23.3,70.7,Clear
Delhi,2023-11-06,22.6,64.8,Clear
Delhi,2023-11-07,23.3,63.5,Clear
Delhi,2023-11-08,23.5,66.0,Clear
Delhi,2023-11-09,23.8,62.7,Clear
Delhi,2023-11-10,20.3,84.4,Rainy
Delhi,2023-11-11,19.8,76.0,Clear
Delhi,2023-11-12,19.8,72.6,Clear
Delhi,2023-11-13,19.6,74.3,Clear
Delhi,2023-11-14,19.9,66.1,Cloudy
Delhi,2023-11-15,19.1,70.1,Cloudy
Delhi,2023-11-16,19.1,76.1,Clear
Delhi,2023-11-17,20.1,73.1,Clear
Delhi,2023-11-18,20.6,68.8,Cloudy
Delhi,2023-11-19,19.9,68.0,Clear
Delhi,2023-11-20,19.5,70.4,Clear
Delhi,2023-11-21,18.8,70.8,Clear
Delhi,2023-11-22,17.8,67.7,Clear
Delhi,2023-11-23,18.6,65.7,Clear
Delhi,2023-11-24,18.3,70.0,Clear
Delhi,2023-11-25,18.1,69.7,Cloudy
Delhi,2023-11-26,19.4,67.1,Cloudy
Delhi,2023-11-27,18.5,75.0,Rainy
Delhi,2023-11-28,17.7,86.9,Rainy
Delhi,2023-11-29,18.5,81.0,Cloudy
Delhi,2023-11-30,19.1,82.5,Cloudy
Delhi,2023-12-01,19.6,80.7,Cloudy
Delhi,2023-12-02,17.9,83.5,Clear
Delhi,2023-12-03,18.4,75.1,Cloudy
Delhi,2023-12-04,19.7,67.4,Rainy
Delhi,2023-12-05,17.9,69.4,Clear
Delhi,2023-12-06,16.9,72.6,Clear
Delhi,2023-12-07,16.7,75.4,Clear
Delhi,2023-12-08,17.4,69.7,Clear
Delhi,2023-12-09,16.9,69.4,Clear
Delhi,2023-12-10,15.6,68.6,Clear
Delhi,2023-12-11,15.5,65.0,Clear
Delhi,2023-12-12,15.9,72.2,Clear
Delhi,2023-12-13,16.3,69.6,Clear
Delhi,2023-12-14,15.4,65.4,Cloudy
Delhi,2023-12-15,15.4,63.2,Cloudy
Delhi,2023-12-16,16.3,50.6,Cloudy
Delhi,2023-12-17,15.8,64.3,Clear
Delhi,2023-12-18,14.6,71.5,Clear
Delhi,2023-12-19,14.5,64.9,Clear
Delhi,2023-12-20,14.2,68.6,Cloudy
Delhi,2023-12-21,14.3,75.2,Cloudy
Delhi,2023-12-22,14.3,76.1,Clear
Delhi,2023-12-23,16.3,72.6,Cloudy
Delhi,2023-12-24,16.0,77.6,Clear
Delhi,2023-12-25,14.8,81.7,Cloudy
Delhi,2023-12-26,14.1,83.8,Cloudy
Delhi,2023-12-27,13.0,91.9,Cloudy
Delhi,2023-12-28,12.8,91.1,Cloudy
Delhi,2023-12-29,13.8,93.9,Cloudy
Delhi,2023-12-30,14.6,90.0,Cloudy
Delhi,2023-12-31,13.3,87.0,Cloudy
Delhi,2024-01-01,12.1,81.7,Clear
Delhi,2024-01-02,11.2,82.2,Clear
Delhi,2024-01-03,10.8,87.8,Clear
Delhi,2024-01-04,10.1,92.7,Cloudy
Delhi,2024-01-05,12.0,92.9,Cloudy
Delhi,2024-01-06,12.1,84.9,Clear
Delhi,2024-01-07,11.6,81.2,Cloudy
Delhi,2024-01-08,10.9,88.1,Clear
Delhi,2024-01-09,10.9,90.8,Cloudy
Delhi,2024-01-10,9.7,87.4,Clear
Delhi,2024-01-11,10.5,84.0,Clear
Delhi,2024-01-12,10.2,83.3,Cloudy
Delhi,2024-01-13,11.9,76.9,Cloudy
Delhi,2024-01-14,16.6,21.2,Clear
Delhi,2024-01-15,17.0,20.1,Clear
Delhi,2024-01-16,17.6,26.1,Cloudy
Delhi,2024-01-17,17.0,34.7,Cloudy
Delhi,2024-01-18,17.5,34.6,Clear
Delhi,2024-01-19,18.0,22.7,Clear
Delhi,2024-01-20,18.0,19.6,Clear
Delhi,2024-01-21,18.2,19.9,Clear
Delhi,2024-01-22,18.6,21.1,Clear
Delhi,2024-01-23,18.6,22.0,Clear
Delhi,2024-01-24,18.7,17.5,Clear
Delhi,2024-01-25,18.4,29.3,Cloudy
Delhi,2024-01-26,18.9,29.4,Clear
Delhi,2024-01-27,19.8,28.4,Clear
Hubli,2023-01-01,24.3,59.0,Cloudy
Hubli,2023-01-02,24.3,56.6,Clear
Hubli,2023-01-03,24.2,54.7,Clear
Hubli,2023-01-04,23.6,55.0,Cloudy
Hubli,2023-01-05,22.9,56.9,Clear
Hubli,2023-01-06,22.7,61.7,Clear
Hubli,2023-01-07,21.5,69.1,Cloudy
Hubli,2023-01-08,21.8,56.2,Clear
Hubli,2023-01-09,20.5,39.9,Clear
Hubli,2023-01-10,21.3,38.1,Clear
Hubli,2023-01-11,22.1,45.3,Clear
Hubli,2023-01-12,22.9,41.0,Clear
Hubli,2023-01-13,22.7,44.9,Clear
Hubli,2023-01-14,23.6,43.5,Clear
Hubli,2023-01-15,23.8,47.0,Clear
Hubli,2023-01-16,23.4,47.5,Clear
Hubli,2023-01-17,23.7,44.0,Clear
Hubli,2023-01-18,23.6,45.0,Clear
Hubli,2023-01-19,23.9,44.5,Clear
Hubli,2023-01-20,22.8,45.9,Clear
Hubli,2023-01-21,22.6,54.9,Clear
Hubli,2023-01-22,23.3,51.5,Clear
Hubli,2023-01-23,23.9,53.3,Clear
Hubli,2023-01-24,23.8,65.4,Cloudy
Hubli,2023-01-25,25.0,63.9,Rainy
Hubli,2023-01-26,25.1,55.7,Clear
Hubli,2023-01-27,24.5,43.6,Clear
Hubli,2023-01-28,24.1,39.3,Clear
Hubli,2023-01-29,24.0,41.5,Clear
Hubli,2023-01-30,24.3,55.7,Cloudy
Hubli,2023-01-31,25.3,59.0,Rainy
Hubli,2023-02-01,25.1,52.8,Cloudy
Hubli,2023-02-02,24.2,49.4,Cloudy
Hubli,2023-02-03,24.3,46.0,Cloudy
Hubli,2023-02-04,25.1,46.3,Clear
Hubli,2023-02-05,26.1,43.6,Clear
Hubli,2023-02-06,26.1,45.9,Clear
Hubli,2023-02-07,25.6,46.3,Clear
Hubli,2023-02-08,26.5,44.4,Cloudy
Hubli,2023-02-09,26.7,42.0,Cloudy
Hubli,2023-02-10,26.0,44.2,Clear
Hubli,2023-02-11,26.6,36.3,Clear
Hubli,2023-02-12,26.8,32.0,Cloudy
Hubli,2023-02-13,26.0,31.5,Clear
Hubli,2023-02-14,25.2,26.1,Clear
Hubli,2023-02-15,25.4,24.1,Clear
Hubli,2023-02-16,26.2,24.9,Clear
Hubli,2023-02-17,26.2,29.2,Clear
Hubli,2023-02-18,26.3,31.1,Clear
Hubli,2023-02-19,25.9,41.9,Clear
Hubli,2023-02-20,26.1,41.8,Clear
Hubli,2023-02-21,26.5,41.7,Clear
Hubli,2023-02-22,27.3,33.7,Clear
Hubli,2023-02-23,27.2,31.1,Clear
Hubli,2023-02-24,27.4,28.0,Clear
Hubli,2023-02-25,27.2,29.4,Clear
Hubli,2023-02-26,27.3,27.7,Clear
Hubli,2023-02-27,27.3,29.2,Clear
Hubli,2023-02-28,27.2,26.9,Clear
Hubli,2023-03-01,26.8,33.1,Clear
Hubli,2023-03-02,26.9,32.7,Clear
Hubli,2023-03-03,26.6,28.1,Clear
Hubli,2023-03-04,27.6,29.0,Clear
Hubli,2023-03-05,27.7,30.4,Clear
Hubli,2023-03-06,27.8,28.1,Clear
Hubli,2023-03-07,26.3,32.0,Clear
Hubli,2023-03-08,26.9,34.0,Clear
Hubli,2023-03-09,27.2,30.1,Cloudy
Hubli,2023-03-10,27.1,33.6,Clear
Hubli,2023-03-11,27.7,34.0,Clear
Hubli,2023-03-12,27.8,32.6,Clear
Hubli,2023-03-13,27.9,34.1,Cloudy
Hubli,2023-03-14,27.6,39.4,Cloudy
Hubli,2023-03-15,26.7,56.6,Rainy
Hubli,2023-03-16,26.7,58.0,Rainy
Hubli,2023-03-17,26.2,55.1,Cloudy
Hubli,2023-03-18,26.1,57.3,Clear
Hubli,2023-03-19,25.0,59.2,Cloudy
Hubli,2023-03-20,24.1,56.7,Clear
Hubli,2023-03-21,25.3,51.5,Cloudy
Hubli,2023-03-22,26.7,50.4,Clear
Hubli,2023-03-23,27.6,42.4,Cloudy
Hubli,2023-03-24,28.1,42.5,Cloudy
Hubli,2023-03-25,28.1,41.2,Cloudy
Hubli,2023-03-26,27.6,36.3,Cloudy
Hubli,2023-03-27,27.8,33.2,Cloudy
Hubli,2023-03-28,27.5,36.4,Cloudy
Hubli,2023-03-29,27.9,39.4,Clear
Hubli,2023-03-30,27.2,44.3,Cloudy
Hubli,2023-03-31,26.2,53.7,Clear
Hubli,2023-04-01,27.1,51.1,Clear
Hubli,2023-04-02,27.4,44.2,Clear
Hubli,2023-04-03,27.1,47.4,Cloudy
Hubli,2023-04-04,27.5,49.4,Clear
Hubli,2023-04-05,28.9,49.9,Clear
Hubli,2023-04-06,28.9,54.2,Cloudy
Hubli,2023-04-07,27.1,61.8,Rainy
Hubli,2023-04-08,28.1,54.7,Cloudy
Hubli,2023-04-09,29.9,38.7,Clear
Hubli,2023-04-10,29.7,48.3,Rainy
Hubli,2023-04-11,30.1,47.1,Cloudy
Hubli,2023-04-12,30.7,43.0,Clear
Hubli,2023-04-13,30.8,42.4,Cloudy
Hubli,2023-04-14,29.4,51.2,Cloudy
Hubli,2023-04-15,29.9,42.3,Rainy
Hubli,2023-04-16,31.1,41.3,Cloudy
Hubli,2023-04-17,30.4,50.8,Cloudy
Hubli,2023-04-18,31.1,52.5,Clear
Hubli,2023-04-19,30.5,54.4,Clear
Hubli,2023-04-20,27.5,68.3,Rainy
Hubli,2023-04-21,28.0,63.7,Cloudy
Hubli,2023-04-22,28.9,56.7,Clear
Hubli,2023-04-23,28.6,41.7,Clear
Hubli,2023-04-24,28.8,49.6,Clear
Hubli,2023-04-25,29.0,51.2,Clear
Hubli,2023-04-26,28.1,59.4,Rainy
Hubli,2023-04-27,29.0,53.1,Rainy
Hubli,2023-04-28,28.8,54.8,Rainy
Hubli,2023-04-29,29.2,57.5,Rainy
Hubli,2023-04-30,28.4,58.2,Rainy
Hubli,2023-05-01,28.3,52.8,Rainy
Hubli,2023-05-02,28.5,48.6,Cloudy
Hubli,2023-05-03,27.6,58.6,Cloudy
Hubli,2023-05-04,27.3,60.8,Cloudy
Hubli,2023-05-05,27.7,57.1,Rainy
Hubli,2023-05-06,28.0,58.4,Rainy
Hubli,2023-05-07,28.4,58.8,Rainy
Hubli,2023-05-08,26.5,73.8,Rainy
Hubli,2023-05-09,26.0,79.6,Rainy
Hubli,2023-05-10,28.7,68.4,Rainy
Hubli,2023-05-11,28.7,66.6,Rainy
Hubli,2023-05-12,28.0,72.1,Rainy
Hubli,2023-05-13,28.0,67.2,Cloudy
Hubli,2023-05-14,28.1,70.4,Cloudy
Hubli,2023-05-15,28.1,65.8,Cloudy
Hubli,2023-05-16,29.2,58.4,Cloudy
Hubli,2023-05-17,30.7,47.6,Clear
Hubli,2023-05-18,30.8,46.6,Cloudy
Hubli,2023-05-19,30.6,49.3,Cloudy
Hubli,2023-05-20,30.0,57.3,Cloudy
Hubli,2023-05-21,27.8,69.7,Cloudy
Hubli,2023-05-22,27.7,68.3,Rainy
Hubli,2023-05-23,28.8,61.5,Rainy
Hubli,2023-05-24,27.6,68.6,Rainy
Hubli,2023-05-25,27.5,67.8,Rainy
Hubli,2023-05-26,27.4,68.6,Rainy
Hubli,2023-05-27,28.0,65.4,Cloudy
Hubli,2023-05-28,28.3,60.7,Rainy
Hubli,2023-05-29,29.6,58.5,Cloudy
Hubli,2023-05-30,28.5,63.0,Rainy
Hubli,2023-05-31,29.0,67.3,Rainy
Hubli,2023-06-01,25.7,75.3,Varied
Hubli,2023-06-02,27.9,70.5,Cloudy
Hubli,2023-06-03,28.8,64.3,Rainy
Hubli,2023-06-04,28.1,68.5,Rainy
Hubli,2023-06-05,28.2,69.9,Rainy
Hubli,2023-06-06,28.5,67.1,Rainy
Hubli,2023-06-07,28.3,68.6,Rainy
Hubli,2023-06-08,28.2,67.6,Rainy
Hubli,2023-06-09,28.0,71.1,Rainy
Hubli,2023-06-10,25.9,79.8,Cloudy
Hubli,2023-06-11,26.3,75.6,Rainy
Hubli,2023-06-12,27.3,70.8,Cloudy
Hubli,2023-06-13,27.2,70.7,Cloudy
Hubli,2023-06-14,27.3,70.7,Cloudy
Hubli,2023-06-15,27.4,70.4,Cloudy
Hubli,2023-06-16,27.1,71.5,Cloudy
Hubli,2023-06-17,27.1,71.8,Rainy
Hubli,2023-06-18,26.6,73.2,Rainy
Hubli,2023-06-19,27.2,74.4,Rainy
Hubli,2023-06-20,27.4,71.6,Rainy
Hubli,2023-06-21,27.5,69.4,Rainy
Hubli,2023-06-22,26.7,73.1,Rainy
Hubli,2023-06-23,25.3,80.1,Rainy
Hubli,2023-06-24,24.5,84.2,Rainy
Hubli,2023-06-25,24.9,76.8,Varied
Hubli,2023-06-26,24.8,82.3,Rainy
Hubli,2023-06-27,24.7,82.2,Rainy
Hubli,2023-06-28,24.2,83.6,Rainy
Hubli,2023-06-29,24.1,84.0,Rainy
Hubli,2023-06-30,24.4,83.2,Rainy
Hubli,2023-07-01,24.2,87.1,Rainy
Hubli,2023-07-02,24.1,88.0,Rainy
Hubli,2023-07-03,24.4,86.8,Rainy
Hubli,2023-07-04,24.5,86.0,Rainy
Hubli,2023-07-05,22.7,90.7,Rainy
Hubli,2023-07-06,22.8,90.8,Varied
Hubli,2023-07-07,22.8,91.4,Varied
Hubli,2023-07-08,23.0,91.7,Varied
Hubli,2023-07-09,23.8,89.7,Rainy
Hubli,2023-07-10,24.3,87.1,Rainy
Hubli,2023-07-11,24.3,86.6,Cloudy
Hubli,2023-07-12,24.7,84.7,Rainy
Hubli,2023-07-13,24.5,84.3,Rainy
Hubli,2023-07-14,24.1,85.3,Rainy
Hubli,2023-07-15,23.7,87.9,Rainy
Hubli,2023-07-16,23.9,88.0,Varied
Hubli,2023-07-17,23.3,89.3,Varied
Hubli,2023-07-18,22.5,92.4,Varied
Hubli,2023-07-19,22.3,93.1,Varied
Hubli,2023-07-20,22.4,93.3,Varied
Hubli,2023-07-21,22.6,93.1,Varied
Hubli,2023-07-22,22.7,93.8,Varied
Hubli,2023-07-23,22.7,94.0,Varied
Hubli,2023-07-24,22.9,91.7,Varied
Hubli,2023-07-25,22.3,93.4,Varied
Hubli,2023-07-26,22.3,93.9,Varied
Hubli,2023-07-27,22.1,93.9,Varied
Hubli,2023-07-28,23.4,88.6,Rainy
Hubli,2023-07-29,23.7,86.5,Rainy
Hubli,2023-07-30,23.8,87.6,Rainy
Hubli,2023-07-31,23.5,89.2,Rainy
Hubli,2023-08-01,23.4,89.0,Rainy
Hubli,2023-08-02,23.5,87.9,Rainy
Hubli,2023-08-03,23.5,86.9,Varied
Hubli,2023-08-04,24.1,86.6,Rainy
Hubli,2023-08-05,23.6,90.0,Rainy
Hubli,2023-08-06,24.0,87.3,Rainy
Hubli,2023-08-07,24.1,84.6,Rainy
Hubli,2023-08-08,23.6,88.6,Rainy
Hubli,2023-08-09,24.6,84.2,Rainy
Hubli,2023-08-10,24.8,82.9,Rainy
Hubli,2023-08-11,24.8,82.2,Rainy
Hubli,2023-08-12,24.5,82.5,Rainy
Hubli,2023-08-13,24.0,83.7,Rainy
Hubli,2023-08-14,24.1,83.2,Rainy
Hubli,2023-08-15,24.3,83.2,Rainy
Hubli,2023-08-16,24.7,80.1,Rainy
Hubli,2023-08-17,24.4,80.5,Rainy
Hubli,2023-08-18,23.8,85.1,Rainy
Hubli,2023-08-19,23.1,88.7,Rainy
Hubli,2023-08-20,24.4,83.1,Rainy
Hubli,2023-08-21,24.8,81.1,Cloudy
Hubli,2023-08-22,24.8,81.1,Cloudy
Hubli,2023-08-23,24.4,83.1,Rainy
Hubli,2023-08-24,23.7,85.0,Rainy
Hubli,2023-08-25,23.6,88.0,Rainy
Hubli,2023-08-26,24.4,84.5,Rainy
Hubli,2023-08-27,24.9,81.2,Rainy
Hubli,2023-08-28,24.5,84.0,Rainy
Hubli,2023-08-29,24.1,84.6,Rainy
Hubli,2023-08-30,25.1,80.8,Rainy
Hubli,2023-08-31,24.8,83.7,Rainy
Hubli,2023-09-01,26.0,80.1,Rainy
Hubli,2023-09-02,25.3,81.7,Rainy
Hubli,2023-09-03,24.7,82.0,Rainy
Hubli,2023-09-04,23.3,85.8,Varied
Hubli,2023-09-05,23.6,86.7,Varied
Hubli,2023-09-06,24.6,83.2,Rainy
Hubli,2023-09-07,24.3,83.7,Cloudy
Hubli,2023-09-08,23.0,88.5,Cloudy
Hubli,2023-09-09,24.2,86.9,Rainy
Hubli,2023-09-10,24.8,82.4,Cloudy
Hubli,2023-09-11,24.0,86.8,Rainy
Hubli,2023-09-12,24.4,83.8,Rainy
Hubli,2023-09-13,24.2,83.2,Cloudy
Hubli,2023-09-14,24.0,84.1,Rainy
Hubli,2023-09-15,23.8,87.3,Rainy
Hubli,2023-09-16,23.9,88.0,Rainy
Hubli,2023-09-17,24.2,86.9,Rainy
Hubli,2023-09-18,24.6,83.1,Rainy
Hubli,2023-09-19,23.4,88.0,Rainy
Hubli,2023-09-20,24.0,88.0,Rainy
Hubli,2023-09-21,24.3,86.4,Rainy
Hubli,2023-09-22,24.0,88.7,Rainy
Hubli,2023-09-23,24.5,86.6,Rainy
Hubli,2023-09-24,24.3,87.8,Rainy
Hubli,2023-09-25,24.4,85.6,Rainy
Hubli,2023-09-26,23.7,88.2,Rainy
Hubli,2023-09-27,23.8,89.7,Rainy
Hubli,2023-09-28,23.8,88.5,Rainy
Hubli,2023-09-29,23.7,87.6,Rainy
Hubli,2023-09-30,23.1,90.8,Rainy
Hubli,2023-10-01,22.8,92.1,Varied
Hubli,2023-10-02,23.8,87.0,Rainy
Hubli,2023-10-03,24.5,84.0,Rainy
Hubli,2023-10-04,22.7,90.1,Rainy
Hubli,2023-10-05,24.9,82.2,Varied
Hubli,2023-10-06,26.2,75.2,Rainy
Hubli,2023-10-07,26.7,72.8,Rainy
Hubli,2023-10-08,27.1,68.1,Cloudy
Hubli,2023-10-09,26.7,74.3,Rainy
Hubli,2023-10-10,26.7,75.5,Rainy
Hubli,2023-10-11,27.2,71.0,Rainy
Hubli,2023-10-12,27.8,66.6,Cloudy
Hubli,2023-10-13,27.7,56.9,Cloudy
Hubli,2023-10-14,27.6,56.6,Cloudy
Hubli,2023-10-15,26.9,64.8,Rainy
Hubli,2023-10-16,27.4,64.4,Cloudy
Hubli,2023-10-17,26.6,71.5,Rainy
Hubli,2023-10-18,28.2,54.4,Rainy
Hubli,2023-10-19,27.9,51.5,Cloudy
Hubli,2023-10-20,27.2,54.8,Cloudy
Hubli,2023-10-21,27.5,54.8,Cloudy
Hubli,2023-10-22,27.3,55.1,Cloudy
Hubli,2023-10-23,27.4,42.1,Cloudy
Hubli,2023-10-24,26.8,43.0,Cloudy
Hubli,2023-10-25,26.6,42.3,Cloudy
Hubli,2023-10-26,26.4,40.5,Cloudy
Hubli,2023-10-27,25.7,39.3,Clear
Hubli,2023-10-28,26.5,48.3,Cloudy
Hubli,2023-10-29,27.3,58.6,Cloudy
Hubli,2023-10-30,26.2,69.6,Rainy
Hubli,2023-10-31,25.5,72.5,Rainy
Hubli,2023-11-01,26.3,63.7,Rainy
Hubli,2023-11-02,26.7,60.7,Cloudy
Hubli,2023-11-03,27.2,61.8,Cloudy
Hubli,2023-11-04,27.3,65.1,Rainy
Hubli,2023-11-05,26.8,65.5,Rainy
Hubli,2023-11-06,24.6,75.5,Rainy
Hubli,2023-11-07,25.5,78.7,Rainy
Hubli,2023-11-08,24.7,80.8,Rainy
Hubli,2023-11-09,24.7,82.0,Rainy
Hubli,2023-11-10,25.6,75.3,Rainy
Hubli,2023-11-11,25.9,61.4,Cloudy
Hubli,2023-11-12,25.4,57.9,Cloudy
Hubli,2023-11-13,25.2,58.7,Cloudy
Hubli,2023-11-14,24.9,61.2,Cloudy
Hubli,2023-11-15,24.6,65.8,Cloudy
Hubli,2023-11-16,24.8,61.2,Cloudy
Hubli,2023-11-17,25.5,58.1,Clear
Hubli,2023-11-18,26.9,59.2,Cloudy
Hubli,2023-11-19,26.5,59.8,Cloudy
Hubli,2023-11-20,25.1,61.2,Cloudy
Hubli,2023-11-21,25.3,60.7,Cloudy
Hubli,2023-11-22,26.5,63.9,Rainy
Hubli,2023-11-23,26.6,66.2,Rainy
Hubli,2023-11-24,25.7,74.5,Rainy
Hubli,2023-11-25,25.6,73.5,Rainy
Hubli,2023-11-26,25.5,67.5,Rainy
Hubli,2023-11-27,25.9,67.2,Rainy
Hubli,2023-11-28,25.5,71.7,Rainy
Hubli,2023-11-29,26.5,69.5,Rainy
Hubli,2023-11-30,25.9,71.2,Rainy
Hubli,2023-12-01,26.0,67.1,Rainy
Hubli,2023-12-02,25.6,63.8,Cloudy
Hubli,2023-12-03,25.6,65.0,Cloudy
Hubli,2023-12-04,24.5,69.8,Cloudy
Hubli,2023-12-05,24.3,67.6,Cloudy
Hubli,2023-12-06,24.3,71.6,Rainy
Hubli,2023-12-07,23.6,74.1,Cloudy
Hubli,2023-12-08,24.4,69.5,Cloudy
Hubli,2023-12-09,25.4,69.3,Cloudy
Hubli,2023-12-10,25.3,65.7,Cloudy
Hubli,2023-12-11,25.7,60.0,Cloudy
Hubli,2023-12-12,24.1,58.6,Cloudy
Hubli,2023-12-13,23.9,54.0,Clear
Hubli,2023-12-14,22.8,56.1,Clear
Hubli,2023-12-15,22.2,63.7,Clear
Hubli,2023-12-16,22.9,74.3,Rainy
Hubli,2023-12-17,23.9,74.7,Cloudy
Hubli,2023-12-18,24.0,69.6,Cloudy
Hubli,2023-12-19,23.4,67.5,Cloudy
Hubli,2023-12-20,22.5,65.8,Cloudy
Hubli,2023-12-21,23.6,62.7,Cloudy
Hubli,2023-12-22,24.3,58.2,Cloudy
Hubli,2023-12-23,23.3,50.0,Clear
Hubli,2023-12-24,22.4,51.9,Cloudy
Hubli,2023-12-25,23.5,51.1,Clear
Hubli,2023-12-26,23.5,43.6,Clear
Hubli,2023-12-27,23.4,53.9,Clear
Hubli,2023-12-28,23.3,53.2,Clear
Hubli,2023-12-29,23.4,58.0,Clear
Hubli,2023-12-30,24.6,52.4,Clear
Hubli,2023-12-31,24.2,52.5,Clear
Hubli,2024-01-01,24.1,56.0,Cloudy
Hubli,2024-01-02,24.1,56.4,Cloudy
Hubli,2024-01-03,24.3,58.4,Cloudy
Hubli,2024-01-04,24.8,61.1,Rainy
Hubli,2024-01-05,24.1,69.6,Rainy
Hubli,2024-01-06,24.6,68.2,Rainy
Hubli,2024-01-07,25.2,59.5,Cloudy
Hubli,2024-01-08,24.7,66.9,Cloudy
Hubli,2024-01-09,23.5,78.4,Rainy
Hubli,2024-01-10,25.1,58.5,Cloudy
Hubli,2024-01-11,24.9,46.8,Cloudy
Hubli,2024-01-12,24.9,42.8,Cloudy
Hubli,2024-01-13,25.8,49.5,Cloudy
Hubli,2024-01-14,26.3,38.6,Clear
Hubli,2024-01-15,25.8,35.4,Cloudy
Hubli,2024-01-16,24.8,38.4,Cloudy
Hubli,2024-01-17,23.8,52.9,Cloudy
Hubli,2024-01-18,23.1,60.8,Cloudy
Hubli,2024-01-19,24.1,50.6,Clear
Hubli,2024-01-20,24.5,47.1,Clear
Hubli,2024-01-21,24.7,43.6,Clear
Hubli,2024-01-22,24.6,41.3,Cloudy
Hubli,2024-01-23,24.4,43.8,Cloudy
Hubli,2024-01-24,25.3,46.8,Cloudy
Hubli,2024-01-25,25.3,50.7,Cloudy
Hubli,2024-01-26,25.2,46.9,Cloudy
Hubli,2024-01-27,24.8,49.4,Cloudy
Mysore,2023-01-01,22.6,59.4,Cloudy
Mysore,2023-01-02,22.6,56.5,Cloudy
Mysore,2023-01-03,22.0,62.8,Clear
Mysore,2023-01-04,21.9,66.0,Clear
Mysore,2023-01-05,21.9,69.3,Clear
Mysore,2023-01-06,21.9,67.4,Clear
Mysore,2023-01-07,22.0,68.9,Cloudy
Mysore,2023-01-08,22.0,65.3,Clear
Mysore,2023-01-09,22.1,60.6,Clear
Mysore,2023-01-10,21.1,51.1,Clear
Mysore,2023-01-11,21.2,52.6,Clear
Mysore,2023-01-12,21.4,43.7,Cloudy
Mysore,2023-01-13,21.2,49.6,Cloudy
Mysore,2023-01-14,21.9,45.5,Cloudy
Mysore,2023-01-15,21.4,47.4,Cloudy
Mysore,2023-01-16,21.6,50.1,Cloudy
Mysore,2023-01-17,22.2,49.5,Cloudy
Mysore,2023-01-18,21.7,51.3,Cloudy
Mysore,2023-01-19,21.0,49.8,Cloudy
Mysore,2023-01-20,20.6,55.6,Cloudy
Mysore,2023-01-21,21.4,60.8,Cloudy
Mysore,2023-01-22,21.6,58.6,Cloudy
Mysore,2023-01-23,22.7,57.4,Cloudy
Mysore,2023-01-24,21.7,79.8,Rainy
Mysore,2023-01-25,22.5,66.0,Clear
Mysore,2023-01-26,22.4,53.2,Cloudy
Mysore,2023-01-27,22.5,49.4,Cloudy
Mysore,2023-01-28,22.4,43.9,Clear
Mysore,2023-01-29,22.6,50.8,Cloudy
Mysore,2023-01-30,23.1,61.6,Rainy
Mysore,2023-01-31,23.5,64.5,Cloudy
Mysore,2023-02-01,23.8,49.2,Cloudy
Mysore,2023-02-02,23.2,49.7,Cloudy
Mysore,2023-02-03,22.7,62.3,Cloudy
Mysore,2023-02-04,25.3,52.1,Cloudy
Mysore,2023-02-05,24.7,43.4,Cloudy
Mysore,2023-02-06,24.1,39.5,Cloudy
Mysore,2023-02-07,24.6,43.9,Cloudy
Mysore,2023-02-08,24.6,47.8,Cloudy
Mysore,2023-02-09,24.5,45.0,Cloudy
Mysore,2023-02-10,24.4,43.0,Cloudy
Mysore,2023-02-11,24.2,35.4,Cloudy
Mysore,2023-02-12,24.8,34.0,Cloudy
Mysore,2023-02-13,24.6,31.9,Cloudy
Mysore,2023-02-14,23.9,33.0,Cloudy
Mysore,2023-02-15,24.0,35.3,Clear
Mysore,2023-02-16,24.1,35.0,Clear
Mysore,2023-02-17,23.9,38.1,Cloudy
Mysore,2023-02-18,24.2,37.1,Clear
Mysore,2023-02-19,24.2,48.2,Clear
Mysore,2023-02-20,24.7,47.5,Clear
Mysore,2023-02-21,25.0,40.8,Clear
Mysore,2023-02-22,24.8,33.8,Clear
Mysore,2023-02-23,24.3,34.4,Clear
Mysore,2023-02-24,24.2,35.2,Clear
Mysore,2023-02-25,24.8,29.6,Clear
Mysore,2023-02-26,24.4,31.3,Clear
Mysore,2023-02-27,23.4,33.7,Clear
Mysore,2023-02-28,24.0,39.3,Clear
Mysore,2023-03-01,25.1,52.7,Cloudy
Mysore,2023-03-02,24.6,39.2,Clear
Mysore,2023-03-03,24.3,27.7,Cloudy
Mysore,2023-03-04,24.6,33.2,Clear
Mysore,2023-03-05,25.3,33.3,Clear
Mysore,2023-03-06,25.5,27.6,Cloudy
Mysore,2023-03-07,25.0,29.5,Cloudy
Mysore,2023-03-08,24.9,36.2,Cloudy
Mysore,2023-03-09,25.0,36.1,Cloudy
Mysore,2023-03-10,24.9,36.0,Cloudy
Mysore,2023-03-11,25.0,36.5,Clear
Mysore,2023-03-12,26.0,43.4,Clear
Mysore,2023-03-13,26.5,44.5,Clear
Mysore,2023-03-14,27.2,43.6,Cloudy
Mysore,2023-03-15,27.1,45.1,Rainy
Mysore,2023-03-16,26.7,54.8,Rainy
Mysore,2023-03-17,26.5,59.3,Rainy
Mysore,2023-03-18,26.1,60.4,Rainy
Mysore,2023-03-19,25.9,56.9,Rainy
Mysore,2023-03-20,26.3,50.3,Cloudy
Mysore,2023-03-21,26.2,37.1,Cloudy
Mysore,2023-03-22,26.6,42.2,Clear
Mysore,2023-03-23,27.6,51.6,Rainy
Mysore,2023-03-24,28.3,49.9,Rainy
Mysore,2023-03-25,27.8,49.8,Rainy
Mysore,2023-03-26,27.6,52.9,Rainy
Mysore,2023-03-27,28.2,42.7,Cloudy
Mysore,2023-03-28,29.1,39.7,Cloudy
Mysore,2023-03-29,27.2,56.0,Cloudy
Mysore,2023-03-30,26.0,61.8,Rainy
Mysore,2023-03-31,27.7,52.8,Rainy
Mysore,2023-04-01,27.8,51.8,Cloudy
Mysore,2023-04-02,27.4,54.0,Rainy
Mysore,2023-04-03,27.6,54.4,Rainy
Mysore,2023-04-04,24.2,70.1,Rainy
Mysore,2023-04-05,26.9,58.5,Cloudy
Mysore,2023-04-06,27.3,58.5,Rainy
Mysore,2023-04-07,27.5,53.8,Cloudy
Mysore,2023-04-08,27.6,42.7,Clear
Mysore,2023-04-09,27.6,45.0,Clear
Mysore,2023-04-10,28.4,42.9,Clear
Mysore,2023-04-11,28.5,39.8,Cloudy
Mysore,2023-04-12,28.2,43.1,Clear
Mysore,2023-04-13,29.0,29.8,Clear
Mysore,2023-04-14,28.8,39.6,Cloudy
Mysore,2023-04-15,27.9,49.1,Cloudy
Mysore,2023-04-16,28.8,32.5,Clear
Mysore,2023-04-17,28.7,42.6,Clear
Mysore,2023-04-18,28.7,51.6,Clear
Mysore,2023-04-19,29.2,45.8,Clear
Mysore,2023-04-20,29.1,47.6,Rainy
Mysore,2023-04-21,28.4,51.7,Rainy
Mysore,2023-04-22,28.5,54.5,Rainy
Mysore,2023-04-23,28.7,52.3,Rainy
Mysore,2023-04-24,27.5,58.1,Rainy
Mysore,2023-04-25,26.9,62.4,Rainy
Mysore,2023-04-26,26.5,65.0,Rainy
Mysore,2023-04-27,27.9,58.2,Rainy
Mysore,2023-04-28,28.8,54.1,Cloudy
Mysore,2023-04-29,27.1,62.4,Rainy
Mysore,2023-04-30,26.5,66.8,Varied
Mysore,2023-05-01,26.0,69.9,Varied
Mysore,2023-05-02,26.1,69.9,Rainy
Mysore,2023-05-03,23.2,80.2,Varied
Mysore,2023-05-04,25.7,64.7,Rainy
Mysore,2023-05-05,25.9,64.9,Rainy
Mysore,2023-05-06,24.3,73.5,Varied
Mysore,2023-05-07,24.5,74.7,Rainy
Mysore,2023-05-08,25.4,73.7,Varied
Mysore,2023-05-09,25.8,72.5,Rainy
Mysore,2023-05-10,27.6,63.5,Varied
Mysore,2023-05-11,27.4,66.7,Varied
Mysore,2023-05-12,27.6,63.1,Varied
Mysore,2023-05-13,27.0,67.5,Varied
Mysore,2023-05-14,27.7,65.6,Cloudy
Mysore,2023-05-15,27.2,63.4,Cloudy
Mysore,2023-05-16,28.2,59.6,Cloudy
Mysore,2023-05-17,29.4,53.1,Cloudy
Mysore,2023-05-18,27.3,62.7,Rainy
Mysore,2023-05-19,27.9,60.5,Rainy
Mysore,2023-05-20,28.0,65.4,Rainy
Mysore,2023-05-21,26.5,67.8,Rainy
Mysore,2023-05-22,26.8,64.3,Rainy
Mysore,2023-05-23,27.1,66.0,Rainy
Mysore,2023-05-24,26.5,70.6,Rainy
Mysore,2023-05-25,26.1,72.9,Rainy
Mysore,2023-05-26,26.8,69.3,Rainy
Mysore,2023-05-27,26.9,66.1,Rainy
Mysore,2023-05-28,26.9,65.4,Rainy
Mysore,2023-05-29,28.5,60.0,Rainy
Mysore,2023-05-30,27.4,61.0,Rainy
Mysore,2023-05-31,27.0,64.6,Rainy
Mysore,2023-06-01,26.2,72.7,Rainy
Mysore,2023-06-02,26.4,70.1,Rainy
Mysore,2023-06-03,26.9,68.3,Rainy
Mysore,2023-06-04,25.7,73.4,Rainy
Mysore,2023-06-05,26.3,72.5,Rainy
Mysore,2023-06-06,26.9,67.1,Rainy
Mysore,2023-06-07,26.3,72.5,Rainy
Mysore,2023-06-08,26.2,71.5,Cloudy
Mysore,2023-06-09,25.9,70.8,Rainy
Mysore,2023-06-10,24.7,74.0,Cloudy
Mysore,2023-06-11,25.2,75.1,Cloudy
Mysore,2023-06-12,25.8,71.6,Cloudy
Mysore,2023-06-13,25.7,72.1,Cloudy
Mysore,2023-06-14,25.3,73.3,Rainy
Mysore,2023-06-15,26.6,69.2,Cloudy
Mysore,2023-06-16,26.4,67.9,Cloudy
Mysore,2023-06-17,26.2,67.7,Rainy
Mysore,2023-06-18,25.5,71.1,Rainy
Mysore,2023-06-19,25.1,76.5,Rainy
Mysore,2023-06-20,24.3,81.4,Varied
Mysore,2023-06-21,24.2,82.1,Rainy
Mysore,2023-06-22,25.5,75.3,Rainy
Mysore,2023-06-23,24.3,78.7,Rainy
Mysore,2023-06-24,24.3,74.6,Cloudy
Mysore,2023-06-25,24.3,75.9,Rainy
Mysore,2023-06-26,24.0,75.0,Rainy
Mysore,2023-06-27,24.0,76.6,Rainy
Mysore,2023-06-28,24.5,74.5,Rainy
Mysore,2023-06-29,23.8,77.4,Rainy
Mysore,2023-06-30,25.0,73.0,Rainy
Mysore,2023-07-01,25.3,72.8,Rainy
Mysore,2023-07-02,24.8,73.3,Cloudy
Mysore,2023-07-03,24.4,77.4,Rainy
Mysore,2023-07-04,23.1,83.9,Rainy
Mysore,2023-07-05,22.2,86.3,Varied
Mysore,2023-07-06,21.8,89.5,Varied
Mysore,2023-07-07,22.8,84.5,Varied
Mysore,2023-07-08,23.2,82.9,Rainy
Mysore,2023-07-09,24.0,80.1,Rainy
Mysore,2023-07-10,24.6,79.0,Varied
Mysore,2023-07-11,24.2,78.3,Rainy
Mysore,2023-07-12,25.1,75.2,Rainy
Mysore,2023-07-13,24.2,78.4,Rainy
Mysore,2023-07-14,23.9,77.9,Rainy
Mysore,2023-07-15,24.3,78.3,Cloudy
Mysore,2023-07-16,24.0,78.4,Rainy
Mysore,2023-07-17,24.1,77.4,Cloudy
Mysore,2023-07-18,23.7,76.2,Rainy
Mysore,2023-07-19,23.9,74.8,Rainy
Mysore,2023-07-20,24.0,74.5,Cloudy
Mysore,2023-07-21,24.0,74.6,Rainy
Mysore,2023-07-22,23.0,82.2,Varied
Mysore,2023-07-23,22.7,87.8,Varied
Mysore,2023-07-24,22.2,88.7,Varied
Mysore,2023-07-25,21.9,87.0,Varied
Mysore,2023-07-26,21.7,88.4,Varied
Mysore,2023-07-27,22.8,80.9,Varied
Mysore,2023-07-28,23.4,78.6,Rainy
Mysore,2023-07-29,23.7,75.3,Rainy
Mysore,2023-07-30,24.0,74.8,Rainy
Mysore,2023-07-31,24.0,77.9,Rainy
Mysore,2023-08-01,24.7,71.2,Cloudy
Mysore,2023-08-02,24.3,72.4,Cloudy
Mysore,2023-08-03,24.2,73.5,Cloudy
Mysore,2023-08-04,24.2,74.9,Cloudy
Mysore,2023-08-05,23.8,77.0,Cloudy
Mysore,2023-08-06,24.8,74.5,Rainy
Mysore,2023-08-07,24.9,73.4,Cloudy
Mysore,2023-08-08,24.7,74.4,Rainy
Mysore,2023-08-09,25.3,71.6,Rainy
Mysore,2023-08-10,24.8,74.6,Rainy
Mysore,2023-08-11,25.9,71.1,Rainy
Mysore,2023-08-12,25.4,71.9,Rainy
Mysore,2023-08-13,25.1,71.9,Rainy
Mysore,2023-08-14,24.9,71.7,Cloudy
Mysore,2023-08-15,25.1,66.9,Cloudy
Mysore,2023-08-16,25.4,69.4,Rainy
Mysore,2023-08-17,24.5,74.4,Rainy
Mysore,2023-08-18,24.9,70.7,Cloudy
Mysore,2023-08-19,23.5,76.7,Cloudy
Mysore,2023-08-20,24.6,73.8,Cloudy
Mysore,2023-08-21,25.7,69.6,Cloudy
Mysore,2023-08-22,26.4,67.4,Rainy
Mysore,2023-08-23,26.0,68.4,Cloudy
Mysore,2023-08-24,25.4,69.9,Cloudy
Mysore,2023-08-25,25.5,68.0,Cloudy
Mysore,2023-08-26,25.5,71.6,Rainy
Mysore,2023-08-27,25.1,73.0,Rainy
Mysore,2023-08-28,25.9,68.0,Rainy
Mysore,2023-08-29,25.8,67.8,Rainy
Mysore,2023-08-30,26.1,66.0,Rainy
Mysore,2023-08-31,25.8,69.2,Rainy
Mysore,2023-09-01,25.6,74.0,Rainy
Mysore,2023-09-02,25.2,76.1,Rainy
Mysore,2023-09-03,24.6,76.5,Rainy
Mysore,2023-09-04,24.0,74.1,Cloudy
Mysore,2023-09-05,23.5,79.6,Rainy
Mysore,2023-09-06,23.7,80.1,Varied
Mysore,2023-09-07,23.7,81.5,Rainy
Mysore,2023-09-08,23.7,80.6,Rainy
Mysore,2023-09-09,24.1,79.3,Cloudy
Mysore,2023-09-10,24.4,77.6,Cloudy
Mysore,2023-09-11,24.3,75.2,Rainy
Mysore,2023-09-12,25.1,73.0,Cloudy
Mysore,2023-09-13,24.0,78.6,Rainy
Mysore,2023-09-14,23.3,81.4,Rainy
Mysore,2023-09-15,24.2,78.6,Rainy
Mysore,2023-09-16,24.0,79.7,Rainy
Mysore,2023-09-17,23.4,83.5,Rainy
Mysore,2023-09-18,23.7,81.5,Rainy
Mysore,2023-09-19,24.1,77.6,Rainy
Mysore,2023-09-20,24.7,76.9,Rainy
Mysore,2023-09-21,24.6,78.0,Rainy
Mysore,2023-09-22,25.6,72.5,Rainy
Mysore,2023-09-23,24.6,79.6,Rainy
Mysore,2023-09-24,24.9,77.0,Rainy
Mysore,2023-09-25,24.5,76.1,Rainy
Mysore,2023-09-26,24.7,76.3,Rainy
Mysore,2023-09-27,24.1,77.5,Cloudy
Mysore,2023-09-28,23.3,79.7,Rainy
Mysore,2023-09-29,23.1,79.2,Rainy
Mysore,2023-09-30,23.5,79.2,Cloudy
Mysore,2023-10-01,23.2,82.5,Rainy
Mysore,2023-10-02,24.6,74.6,Cloudy
Mysore,2023-10-03,24.5,73.5,Cloudy
Mysore,2023-10-04,24.9,70.5,Rainy
Mysore,2023-10-05,25.2,67.3,Cloudy
Mysore,2023-10-06,25.0,69.2,Cloudy
Mysore,2023-10-07,25.0,72.9,Rainy
Mysore,2023-10-08,25.0,76.0,Rainy
Mysore,2023-10-09,24.4,81.9,Rainy
Mysore,2023-10-10,25.1,79.1,Rainy
Mysore,2023-10-11,25.3,76.6,Rainy
Mysore,2023-10-12,24.7,77.5,Rainy
Mysore,2023-10-13,24.8,68.3,Cloudy
Mysore,2023-10-14,24.7,61.0,Cloudy
Mysore,2023-10-15,24.8,69.8,Cloudy
Mysore,2023-10-16,24.9,71.2,Rainy
Mysore,2023-10-17,25.4,72.8,Rainy
Mysore,2023-10-18,25.1,68.9,Rainy
Mysore,2023-10-19,25.5,63.4,Cloudy
Mysore,2023-10-20,25.5,61.5,Cloudy
Mysore,2023-10-21,25.9,62.8,Cloudy
Mysore,2023-10-22,26.0,62.9,Cloudy
Mysore,2023-10-23,25.1,60.2,Cloudy
Mysore,2023-10-24,24.5,50.5,Clear
Mysore,2023-10-25,24.7,48.7,Clear
Mysore,2023-10-26,24.5,53.2,Clear
Mysore,2023-10-27,24.8,58.9,Cloudy
Mysore,2023-10-28,25.2,64.1,Rainy
Mysore,2023-10-29,24.5,72.5,Rainy
Mysore,2023-10-30,24.2,76.5,Rainy
Mysore,2023-10-31,24.3,76.9,Rainy
Mysore,2023-11-01,24.7,73.8,Rainy
Mysore,2023-11-02,25.1,72.5,Rainy
Mysore,2023-11-03,25.4,73.6,Rainy
Mysore,2023-11-04,23.6,85.0,Rainy
Mysore,2023-11-05,23.4,84.9,Rainy
Mysore,2023-11-06,24.8,78.6,Rainy
Mysore,2023-11-07,23.8,82.2,Rainy
Mysore,2023-11-08,24.0,80.0,Rainy
Mysore,2023-11-09,23.5,83.8,Rainy
Mysore,2023-11-10,23.6,82.4,Rainy
Mysore,2023-11-11,23.8,68.4,Rainy
Mysore,2023-11-12,22.6,71.9,Cloudy
Mysore,2023-11-13,22.4,72.5,Cloudy
Mysore,2023-11-14,22.1,75.6,Cloudy
Mysore,2023-11-15,23.4,70.2,Cloudy
Mysore,2023-11-16,23.9,69.9,Cloudy
Mysore,2023-11-17,25.1,69.3,Rainy
Mysore,2023-11-18,24.4,75.9,Rainy
Mysore,2023-11-19,23.7,67.8,Cloudy
Mysore,2023-11-20,23.9,65.4,Cloudy
Mysore,2023-11-21,24.7,73.6,Rainy
Mysore,2023-11-22,24.7,76.6,Rainy
Mysore,2023-11-23,23.5,82.8,Rainy
Mysore,2023-11-24,23.5,78.3,Rainy
Mysore,2023-11-25,23.7,77.8,Rainy
Mysore,2023-11-26,23.2,80.5,Rainy
Mysore,2023-11-27,23.7,74.6,Rainy
Mysore,2023-11-28,23.9,74.1,Rainy
Mysore,2023-11-29,23.6,76.7,Rainy
Mysore,2023-11-30,23.6,77.6,Rainy
Mysore,2023-12-01,23.4,77.6,Rainy
Mysore,2023-12-02,23.8,74.4,Rainy
Mysore,2023-12-03,23.4,79.6,Rainy
Mysore,2023-12-04,22.8,80.8,Varied
Mysore,2023-12-05,23.4,74.2,Cloudy
Mysore,2023-12-06,25.1,67.1,Cloudy
Mysore,2023-12-07,25.1,71.5,Rainy
Mysore,2023-12-08,25.2,72.4,Rainy
Mysore,2023-12-09,24.5,78.9,Rainy
Mysore,2023-12-10,24.6,76.8,Rainy
Mysore,2023-12-11,24.4,74.6,Rainy
Mysore,2023-12-12,24.7,69.8,Rainy
Mysore,2023-12-13,23.1,71.8,Rainy
Mysore,2023-12-14,22.2,72.6,Cloudy
Mysore,2023-12-15,22.8,74.3,Rainy
Mysore,2023-12-16,24.3,72.7,Rainy
Mysore,2023-12-17,23.1,77.6,Rainy
Mysore,2023-12-18,22.1,78.9,Varied
Mysore,2023-12-19,23.0,70.9,Cloudy
Mysore,2023-12-20,22.5,72.1,Cloudy
Mysore,2023-12-21,23.3,74.9,Cloudy
Mysore,2023-12-22,23.9,70.7,Cloudy
Mysore,2023-12-23,23.1,64.1,Cloudy
Mysore,2023-12-24,22.9,63.1,Cloudy
Mysore,2023-12-25,23.3,73.8,Cloudy
Mysore,2023-12-26,22.1,65.2,Clear
Mysore,2023-12-27,22.2,65.4,Cloudy
Mysore,2023-12-28,22.5,70.3,Cloudy
Mysore,2023-12-29,21.8,76.8,Cloudy
Mysore,2023-12-30,22.7,71.9,Cloudy
Mysore,2023-12-31,22.9,67.8,Cloudy
Mysore,2024-01-01,23.2,65.0,Cloudy
Mysore,2024-01-02,23.8,61.9,Cloudy
Mysore,2024-01-03,22.8,70.2,Rainy
Mysore,2024-01-04,21.4,82.8,Rainy
Mysore,2024-01-05,22.8,82.0,Rainy
Mysore,2024-01-06,24.6,70.7,Rainy
Mysore,2024-01-07,23.8,75.1,Rainy
Mysore,2024-01-08,23.0,75.7,Rainy
Mysore,2024-01-09,22.2,81.3,Rainy
Mysore,2024-01-10,22.8,69.2,Cloudy
Mysore,2024-01-11,23.8,62.1,Cloudy
Mysore,2024-01-12,23.3,60.4,Cloudy
Mysore,2024-01-13,23.2,66.6,Cloudy
Mysore,2024-01-14,24.2,56.1,Clear
Mysore,2024-01-15,23.7,53.2,Cloudy
Mysore,2024-01-16,23.7,56.3,Cloudy
Mysore,2024-01-17,23.9,62.2,Cloudy
Mysore,2024-01-18,23.8,61.9,Clear
Mysore,2024-01-19,24.1,58.7,Cloudy
Mysore,2024-01-20,25.6,57.7,Cloudy
Mysore,2024-01-21,25.4,54.1,Cloudy
Mysore,2024-01-22,25.2,53.5,Cloudy
Mysore,2024-01-23,24.9,56.9,Cloudy
Mysore,2024-01-24,24.5,53.2,Cloudy
Mysore,2024-01-25,23.8,48.6,Cloudy
Mysore,2024-01-26,23.6,44.6,Cloudy
Mysore,2024-01-27,24.0,44.0,Cloudy
